[{"model": "qb_app.type", "pk": 1, "fields": {"title": "Մսամթերք"}}, {"model": "qb_app.type", "pk": 2, "fields": {"title": "Քաղցրավենիք"}}, {"model": "qb_app.product", "pk": 1, "fields": {"type": 1, "name": "Քյուֆթա", "image": "images/stock-photo-traditional-dish-meat-kufta-with-hacahr-and-tomato-1418744489_YOgnf4w.jpg", "price": "2500.00"}}, {"model": "qb_app.product", "pk": 2, "fields": {"type": 1, "name": "Իշխան Ձուկ", "image": "images/dzuk-2_ZBBuAIO.jpg", "price": "3000.00"}}, {"model": "qb_app.product", "pk": 3, "fields": {"type": 2, "name": "Փախլավա", "image": "images/hq720.jpg", "price": "2000.00"}}, {"model": "qb_app.product", "pk": 4, "fields": {"type": 2, "name": "Շաքար Լոխում", "image": "images/maxresdefault.jpg", "price": "1000.00"}}, {"model": "qb_app.cart", "pk": 7, "fields": {"user": 9}}, {"model": "qb_app.cart", "pk": 8, "fields": {"user": 10}}, {"model": "qb_app.cart", "pk": 14, "fields": {"user": 16}}, {"model": "qb_app.cart", "pk": 16, "fields": {"user": 18}}, {"model": "qb_app.cart", "pk": 17, "fields": {"user": 19}}, {"model": "qb_app.cart", "pk": 18, "fields": {"user": 21}}, {"model": "qb_app.cart", "pk": 19, "fields": {"user": 22}}, {"model": "qb_app.cart", "pk": 20, "fields": {"user": 23}}, {"model": "qb_app.cart", "pk": 21, "fields": {"user": 24}}, {"model": "qb_app.cart", "pk": 22, "fields": {"user": 20}}, {"model": "qb_app.cart", "pk": 23, "fields": {"user": 25}}, {"model": "qb_app.cart", "pk": 24, "fields": {"user": 26}}, {"model": "qb_app.cart", "pk": 25, "fields": {"user": 27}}, {"model": "qb_app.cart", "pk": 26, "fields": {"user": 28}}, {"model": "qb_app.cart", "pk": 27, "fields": {"user": 29}}, {"model": "qb_app.cart", "pk": 28, "fields": {"user": 30}}, {"model": "qb_app.cart", "pk": 29, "fields": {"user": 31}}, {"model": "qb_app.cartitem", "pk": 7, "fields": {"cart": 8, "product": 1, "quantity": 10, "total_price": "0.00"}}, {"model": "qb_app.cartitem", "pk": 14, "fields": {"cart": 7, "product": 1, "quantity": 3, "total_price": "0.00"}}, {"model": "qb_app.cartitem", "pk": 15, "fields": {"cart": 7, "product": 2, "quantity": 1, "total_price": "0.00"}}, {"model": "qb_app.cartitem", "pk": 16, "fields": {"cart": 19, "product": 1, "quantity": 1, "total_price": "0.00"}}, {"model": "qb_app.cartitem", "pk": 17, "fields": {"cart": 19, "product": 2, "quantity": 2, "total_price": "0.00"}}, {"model": "qb_app.cartitem", "pk": 18, "fields": {"cart": 19, "product": 3, "quantity": 1, "total_price": "0.00"}}, {"model": "qb_app.cartitem", "pk": 19, "fields": {"cart": 19, "product": 4, "quantity": 1, "total_price": "0.00"}}, {"model": "qb_app.cartitem", "pk": 21, "fields": {"cart": 22, "product": 1, "quantity": 1, "total_price": "0.00"}}, {"model": "qb_app.userprofile", "pk": 1, "fields": {"user": 9, "bio": null, "last_activity": null, "last_logout": null, "liked_products": [2, 3, 4]}}, {"model": "qb_app.userprofile", "pk": 2, "fields": {"user": 10, "bio": null, "last_activity": null, "last_logout": null, "liked_products": []}}, {"model": "qb_app.userprofile", "pk": 8, "fields": {"user": 16, "bio": null, "last_activity": null, "last_logout": null, "liked_products": []}}, {"model": "qb_app.userprofile", "pk": 10, "fields": {"user": 18, "bio": null, "last_activity": null, "last_logout": null, "liked_products": []}}, {"model": "qb_app.userprofile", "pk": 11, "fields": {"user": 19, "bio": null, "last_activity": null, "last_logout": null, "liked_products": []}}, {"model": "qb_app.userprofile", "pk": 12, "fields": {"user": 21, "bio": null, "last_activity": null, "last_logout": null, "liked_products": []}}, {"model": "qb_app.userprofile", "pk": 13, "fields": {"user": 22, "bio": null, "last_activity": null, "last_logout": null, "liked_products": []}}, {"model": "qb_app.userprofile", "pk": 14, "fields": {"user": 23, "bio": null, "last_activity": null, "last_logout": null, "liked_products": []}}, {"model": "qb_app.userprofile", "pk": 15, "fields": {"user": 24, "bio": null, "last_activity": "2024-09-24T16:34:17.044Z", "last_logout": "2024-09-22T15:39:07.599Z", "liked_products": []}}, {"model": "qb_app.userprofile", "pk": 16, "fields": {"user": 25, "bio": null, "last_activity": null, "last_logout": null, "liked_products": []}}, {"model": "qb_app.userprofile", "pk": 17, "fields": {"user": 26, "bio": null, "last_activity": null, "last_logout": null, "liked_products": []}}, {"model": "qb_app.userprofile", "pk": 18, "fields": {"user": 27, "bio": null, "last_activity": null, "last_logout": null, "liked_products": []}}, {"model": "qb_app.userprofile", "pk": 19, "fields": {"user": 28, "bio": null, "last_activity": null, "last_logout": null, "liked_products": []}}, {"model": "qb_app.userprofile", "pk": 20, "fields": {"user": 29, "bio": null, "last_activity": null, "last_logout": null, "liked_products": []}}, {"model": "qb_app.userprofile", "pk": 21, "fields": {"user": 30, "bio": null, "last_activity": null, "last_logout": null, "liked_products": []}}, {"model": "qb_app.userprofile", "pk": 22, "fields": {"user": 1, "bio": null, "last_activity": null, "last_logout": null, "liked_products": []}}, {"model": "qb_app.userprofile", "pk": 23, "fields": {"user": 20, "bio": null, "last_activity": "2024-09-24T16:50:05.877Z", "last_logout": null, "liked_products": []}}, {"model": "qb_app.userprofile", "pk": 24, "fields": {"user": 31, "bio": null, "last_activity": "2024-09-22T13:36:56.065Z", "last_logout": null, "liked_products": []}}, {"model": "qb_app.order", "pk": 19, "fields": {"user": 24, "order_date": "2024-09-24T16:34:16.870Z", "status": "", "items": []}}, {"model": "qb_app.orderitem", "pk": 23, "fields": {"order": 19, "product": 1, "quantity": 5, "price": "2500.00", "total_amount": "12500.00"}}, {"model": "admin.logentry", "pk": 1, "fields": {"action_time": "2024-08-05T18:56:39.372Z", "user": 1, "content_type": 1, "object_id": "1", "object_repr": "Մսամթերք", "action_flag": 1, "change_message": "[{\"added\": {}}]"}}, {"model": "admin.logentry", "pk": 2, "fields": {"action_time": "2024-08-05T18:56:49.150Z", "user": 1, "content_type": 1, "object_id": "2", "object_repr": "Քաղցրավենիք", "action_flag": 1, "change_message": "[{\"added\": {}}]"}}, {"model": "admin.logentry", "pk": 3, "fields": {"action_time": "2024-08-05T18:57:37.406Z", "user": 1, "content_type": 2, "object_id": "1", "object_repr": "Քյուֆթա", "action_flag": 1, "change_message": "[{\"added\": {}}]"}}, {"model": "admin.logentry", "pk": 4, "fields": {"action_time": "2024-08-05T18:58:08.356Z", "user": 1, "content_type": 2, "object_id": "2", "object_repr": "Իշխան Ձուկ", "action_flag": 1, "change_message": "[{\"added\": {}}]"}}, {"model": "admin.logentry", "pk": 5, "fields": {"action_time": "2024-08-05T18:58:57.940Z", "user": 1, "content_type": 2, "object_id": "3", "object_repr": "Փախլավա", "action_flag": 1, "change_message": "[{\"added\": {}}]"}}, {"model": "admin.logentry", "pk": 6, "fields": {"action_time": "2024-08-05T19:00:20.593Z", "user": 1, "content_type": 2, "object_id": "4", "object_repr": "Շաքար Լոխում", "action_flag": 1, "change_message": "[{\"added\": {}}]"}}, {"model": "admin.logentry", "pk": 7, "fields": {"action_time": "2024-08-07T17:29:04.346Z", "user": 1, "content_type": 6, "object_id": "4", "object_repr": "Erik_Artushyan", "action_flag": 3, "change_message": ""}}, {"model": "admin.logentry", "pk": 8, "fields": {"action_time": "2024-08-07T17:29:04.357Z", "user": 1, "content_type": 6, "object_id": "2", "object_repr": "anonymus_anonymus", "action_flag": 3, "change_message": ""}}, {"model": "admin.logentry", "pk": 9, "fields": {"action_time": "2024-08-07T17:29:04.364Z", "user": 1, "content_type": 6, "object_id": "3", "object_repr": "chqolyan_narek", "action_flag": 3, "change_message": ""}}, {"model": "admin.logentry", "pk": 10, "fields": {"action_time": "2024-08-07T17:33:27.815Z", "user": 1, "content_type": 6, "object_id": "5", "object_repr": "chqolyan_narek", "action_flag": 3, "change_message": ""}}, {"model": "admin.logentry", "pk": 11, "fields": {"action_time": "2024-08-07T19:37:40.152Z", "user": 1, "content_type": 6, "object_id": "7", "object_repr": "narek_chqolyan", "action_flag": 3, "change_message": ""}}, {"model": "admin.logentry", "pk": 12, "fields": {"action_time": "2024-08-07T19:37:40.159Z", "user": 1, "content_type": 6, "object_id": "8", "object_repr": "erik999_crazy", "action_flag": 3, "change_message": ""}}, {"model": "admin.logentry", "pk": 13, "fields": {"action_time": "2024-08-07T19:37:40.164Z", "user": 1, "content_type": 6, "object_id": "6", "object_repr": "chqolyan_narek", "action_flag": 3, "change_message": ""}}, {"model": "admin.logentry", "pk": 14, "fields": {"action_time": "2024-08-14T10:37:06.995Z", "user": 1, "content_type": 6, "object_id": "13", "object_repr": "apero", "action_flag": 3, "change_message": ""}}, {"model": "admin.logentry", "pk": 15, "fields": {"action_time": "2024-08-14T10:37:07.003Z", "user": 1, "content_type": 6, "object_id": "12", "object_repr": "chqolyan", "action_flag": 3, "change_message": ""}}, {"model": "admin.logentry", "pk": 16, "fields": {"action_time": "2024-08-14T10:37:07.011Z", "user": 1, "content_type": 6, "object_id": "11", "object_repr": "chqolyan_narek", "action_flag": 3, "change_message": ""}}, {"model": "admin.logentry", "pk": 17, "fields": {"action_time": "2024-08-14T10:52:18.744Z", "user": 1, "content_type": 6, "object_id": "15", "object_repr": "chqolyan", "action_flag": 3, "change_message": ""}}, {"model": "admin.logentry", "pk": 18, "fields": {"action_time": "2024-08-14T10:52:18.764Z", "user": 1, "content_type": 6, "object_id": "14", "object_repr": "chqolyan_narek", "action_flag": 3, "change_message": ""}}, {"model": "admin.logentry", "pk": 19, "fields": {"action_time": "2024-08-14T11:14:47.493Z", "user": 1, "content_type": 6, "object_id": "17", "object_repr": "xerik", "action_flag": 3, "change_message": ""}}, {"model": "auth.permission", "pk": 1, "fields": {"name": "Can add type", "content_type": 1, "codename": "add_type"}}, {"model": "auth.permission", "pk": 2, "fields": {"name": "Can change type", "content_type": 1, "codename": "change_type"}}, {"model": "auth.permission", "pk": 3, "fields": {"name": "Can delete type", "content_type": 1, "codename": "delete_type"}}, {"model": "auth.permission", "pk": 4, "fields": {"name": "Can view type", "content_type": 1, "codename": "view_type"}}, {"model": "auth.permission", "pk": 5, "fields": {"name": "Can add product", "content_type": 2, "codename": "add_product"}}, {"model": "auth.permission", "pk": 6, "fields": {"name": "Can change product", "content_type": 2, "codename": "change_product"}}, {"model": "auth.permission", "pk": 7, "fields": {"name": "Can delete product", "content_type": 2, "codename": "delete_product"}}, {"model": "auth.permission", "pk": 8, "fields": {"name": "Can view product", "content_type": 2, "codename": "view_product"}}, {"model": "auth.permission", "pk": 9, "fields": {"name": "Can add log entry", "content_type": 3, "codename": "add_logentry"}}, {"model": "auth.permission", "pk": 10, "fields": {"name": "Can change log entry", "content_type": 3, "codename": "change_logentry"}}, {"model": "auth.permission", "pk": 11, "fields": {"name": "Can delete log entry", "content_type": 3, "codename": "delete_logentry"}}, {"model": "auth.permission", "pk": 12, "fields": {"name": "Can view log entry", "content_type": 3, "codename": "view_logentry"}}, {"model": "auth.permission", "pk": 13, "fields": {"name": "Can add permission", "content_type": 4, "codename": "add_permission"}}, {"model": "auth.permission", "pk": 14, "fields": {"name": "Can change permission", "content_type": 4, "codename": "change_permission"}}, {"model": "auth.permission", "pk": 15, "fields": {"name": "Can delete permission", "content_type": 4, "codename": "delete_permission"}}, {"model": "auth.permission", "pk": 16, "fields": {"name": "Can view permission", "content_type": 4, "codename": "view_permission"}}, {"model": "auth.permission", "pk": 17, "fields": {"name": "Can add group", "content_type": 5, "codename": "add_group"}}, {"model": "auth.permission", "pk": 18, "fields": {"name": "Can change group", "content_type": 5, "codename": "change_group"}}, {"model": "auth.permission", "pk": 19, "fields": {"name": "Can delete group", "content_type": 5, "codename": "delete_group"}}, {"model": "auth.permission", "pk": 20, "fields": {"name": "Can view group", "content_type": 5, "codename": "view_group"}}, {"model": "auth.permission", "pk": 21, "fields": {"name": "Can add user", "content_type": 6, "codename": "add_user"}}, {"model": "auth.permission", "pk": 22, "fields": {"name": "Can change user", "content_type": 6, "codename": "change_user"}}, {"model": "auth.permission", "pk": 23, "fields": {"name": "Can delete user", "content_type": 6, "codename": "delete_user"}}, {"model": "auth.permission", "pk": 24, "fields": {"name": "Can view user", "content_type": 6, "codename": "view_user"}}, {"model": "auth.permission", "pk": 25, "fields": {"name": "Can add content type", "content_type": 7, "codename": "add_contenttype"}}, {"model": "auth.permission", "pk": 26, "fields": {"name": "Can change content type", "content_type": 7, "codename": "change_contenttype"}}, {"model": "auth.permission", "pk": 27, "fields": {"name": "Can delete content type", "content_type": 7, "codename": "delete_contenttype"}}, {"model": "auth.permission", "pk": 28, "fields": {"name": "Can view content type", "content_type": 7, "codename": "view_contenttype"}}, {"model": "auth.permission", "pk": 29, "fields": {"name": "Can add session", "content_type": 8, "codename": "add_session"}}, {"model": "auth.permission", "pk": 30, "fields": {"name": "Can change session", "content_type": 8, "codename": "change_session"}}, {"model": "auth.permission", "pk": 31, "fields": {"name": "Can delete session", "content_type": 8, "codename": "delete_session"}}, {"model": "auth.permission", "pk": 32, "fields": {"name": "Can view session", "content_type": 8, "codename": "view_session"}}, {"model": "auth.permission", "pk": 33, "fields": {"name": "Can add cart", "content_type": 9, "codename": "add_cart"}}, {"model": "auth.permission", "pk": 34, "fields": {"name": "Can change cart", "content_type": 9, "codename": "change_cart"}}, {"model": "auth.permission", "pk": 35, "fields": {"name": "Can delete cart", "content_type": 9, "codename": "delete_cart"}}, {"model": "auth.permission", "pk": 36, "fields": {"name": "Can view cart", "content_type": 9, "codename": "view_cart"}}, {"model": "auth.permission", "pk": 37, "fields": {"name": "Can add cart item", "content_type": 10, "codename": "add_cartitem"}}, {"model": "auth.permission", "pk": 38, "fields": {"name": "Can change cart item", "content_type": 10, "codename": "change_cartitem"}}, {"model": "auth.permission", "pk": 39, "fields": {"name": "Can delete cart item", "content_type": 10, "codename": "delete_cartitem"}}, {"model": "auth.permission", "pk": 40, "fields": {"name": "Can view cart item", "content_type": 10, "codename": "view_cartitem"}}, {"model": "auth.permission", "pk": 41, "fields": {"name": "Can add user profile", "content_type": 11, "codename": "add_userprofile"}}, {"model": "auth.permission", "pk": 42, "fields": {"name": "Can change user profile", "content_type": 11, "codename": "change_userprofile"}}, {"model": "auth.permission", "pk": 43, "fields": {"name": "Can delete user profile", "content_type": 11, "codename": "delete_userprofile"}}, {"model": "auth.permission", "pk": 44, "fields": {"name": "Can view user profile", "content_type": 11, "codename": "view_userprofile"}}, {"model": "auth.permission", "pk": 45, "fields": {"name": "Can add order", "content_type": 12, "codename": "add_order"}}, {"model": "auth.permission", "pk": 46, "fields": {"name": "Can change order", "content_type": 12, "codename": "change_order"}}, {"model": "auth.permission", "pk": 47, "fields": {"name": "Can delete order", "content_type": 12, "codename": "delete_order"}}, {"model": "auth.permission", "pk": 48, "fields": {"name": "Can view order", "content_type": 12, "codename": "view_order"}}, {"model": "auth.permission", "pk": 49, "fields": {"name": "Can add order item", "content_type": 13, "codename": "add_orderitem"}}, {"model": "auth.permission", "pk": 50, "fields": {"name": "Can change order item", "content_type": 13, "codename": "change_orderitem"}}, {"model": "auth.permission", "pk": 51, "fields": {"name": "Can delete order item", "content_type": 13, "codename": "delete_orderitem"}}, {"model": "auth.permission", "pk": 52, "fields": {"name": "Can view order item", "content_type": 13, "codename": "view_orderitem"}}, {"model": "auth.permission", "pk": 53, "fields": {"name": "Can add action", "content_type": 14, "codename": "add_action"}}, {"model": "auth.permission", "pk": 54, "fields": {"name": "Can change action", "content_type": 14, "codename": "change_action"}}, {"model": "auth.permission", "pk": 55, "fields": {"name": "Can delete action", "content_type": 14, "codename": "delete_action"}}, {"model": "auth.permission", "pk": 56, "fields": {"name": "Can view action", "content_type": 14, "codename": "view_action"}}, {"model": "auth.permission", "pk": 57, "fields": {"name": "Can add follow", "content_type": 15, "codename": "add_follow"}}, {"model": "auth.permission", "pk": 58, "fields": {"name": "Can change follow", "content_type": 15, "codename": "change_follow"}}, {"model": "auth.permission", "pk": 59, "fields": {"name": "Can delete follow", "content_type": 15, "codename": "delete_follow"}}, {"model": "auth.permission", "pk": 60, "fields": {"name": "Can view follow", "content_type": 15, "codename": "view_follow"}}, {"model": "auth.user", "pk": 1, "fields": {"password": "pbkdf2_sha256$720000$46gRGXvWjWyt0kEaeKrk9Q$DpvUGVR7nk5xJlkEvCxipU+fugxB9V1wO8/jl/T+7es=", "last_login": "2024-08-14T11:14:35.923Z", "is_superuser": true, "username": "narek", "first_name": "", "last_name": "", "email": "", "is_staff": true, "is_active": true, "date_joined": "2024-08-05T18:50:35.981Z", "groups": [], "user_permissions": []}}, {"model": "auth.user", "pk": 9, "fields": {"password": "pbkdf2_sha256$720000$Rrx4k9gzd1B8XbRTT8lnHJ$TxhxT89fKIPicPLBv7RM78aNMJmQnhAQgG90lwjA6nE=", "last_login": "2024-08-13T18:06:23.538Z", "is_superuser": false, "username": "chqoliann", "first_name": "", "last_name": "", "email": "narekchqolenc@gmail.com", "is_staff": false, "is_active": true, "date_joined": "2024-08-07T19:15:21.895Z", "groups": [], "user_permissions": []}}, {"model": "auth.user", "pk": 10, "fields": {"password": "pbkdf2_sha256$720000$3Bh8Qk8qEVlLIa9hCiQ1LH$dPWgpNGQ+BuEFFREgQUEx8+uXwhpUDEbqeL+Zh4Wros=", "last_login": "2024-08-12T19:58:16.899Z", "is_superuser": false, "username": "erik_artushyan", "first_name": "", "last_name": "", "email": "erik.artusyan@gmail.com", "is_staff": false, "is_active": true, "date_joined": "2024-08-07T19:35:08.233Z", "groups": [], "user_permissions": []}}, {"model": "auth.user", "pk": 16, "fields": {"password": "pbkdf2_sha256$720000$aEzReRaBZWYRS7i3igHKTF$TKjcaOxFe+tYd/tzOJP2Af+am+8Z90+cq8TbEVGvA4c=", "last_login": "2024-08-14T10:53:07.719Z", "is_superuser": false, "username": "chqolyan_narek", "first_name": "", "last_name": "", "email": "narekchqolian@gmail.com", "is_staff": false, "is_active": true, "date_joined": "2024-08-14T10:52:47.291Z", "groups": [], "user_permissions": []}}, {"model": "auth.user", "pk": 18, "fields": {"password": "pbkdf2_sha256$720000$Peaeg7uwYAGh6OS2QLmudg$tOAZPlJBRF96/EopYJDmkWSKmq7ddTR5yzrADgBQjvU=", "last_login": null, "is_superuser": false, "username": "xeris_glox", "first_name": "", "last_name": "", "email": "xeris_glox@gmail.com", "is_staff": false, "is_active": false, "date_joined": "2024-08-14T11:15:51.876Z", "groups": [], "user_permissions": []}}, {"model": "auth.user", "pk": 19, "fields": {"password": "pbkdf2_sha256$720000$eiU2QRY0hetLpScrjDfjlr$PZPUsiDS8oyIf7/pOJ1fEczOtfk/A9w9L15VEBuMunE=", "last_login": null, "is_superuser": false, "username": "xeri_glox", "first_name": "", "last_name": "", "email": "akyckybake@gmail.com", "is_staff": false, "is_active": false, "date_joined": "2024-08-14T11:32:06.717Z", "groups": [], "user_permissions": []}}, {"model": "auth.user", "pk": 20, "fields": {"password": "pbkdf2_sha256$870000$z9E8lWrnrmTOPktpSraGGm$esS4onrCllwkKWLftz+CLAMraflOPNFpIagCScnxsCo=", "last_login": "2024-09-24T15:35:39.332Z", "is_superuser": true, "username": "admin", "first_name": "", "last_name": "", "email": "admin@gmail.com", "is_staff": true, "is_active": true, "date_joined": "2024-08-28T17:21:27.857Z", "groups": [], "user_permissions": []}}, {"model": "auth.user", "pk": 21, "fields": {"password": "pbkdf2_sha256$600000$hSKoPMyvuqXXWew3XxY3RG$pn691nJNg6tNi3LrKNj9HJ0mkdHUKAGvRkgyqG3LWmo=", "last_login": null, "is_superuser": false, "username": "narek_chqolian", "first_name": "", "last_name": "", "email": "narekchqolian@gmail.com", "is_staff": false, "is_active": false, "date_joined": "2024-08-28T17:24:02.404Z", "groups": [], "user_permissions": []}}, {"model": "auth.user", "pk": 22, "fields": {"password": "pbkdf2_sha256$600000$H4UbIaCto7eCoQCFl1ZbG9$j7Qzokd7c+PxL/L+rMI3DKSpvkUBx9WVZ8Cdp5/LM/E=", "last_login": "2024-08-28T18:19:32.611Z", "is_superuser": false, "username": "vach0209", "first_name": "", "last_name": "", "email": "narekchqolian@gmail.com", "is_staff": false, "is_active": true, "date_joined": "2024-08-28T18:19:03.704Z", "groups": [], "user_permissions": []}}, {"model": "auth.user", "pk": 23, "fields": {"password": "pbkdf2_sha256$600000$53tyrXkASxNQZzrRt6B2iq$MMX71c10WJ7rkkz+lNCudoilTbH4ikVddj7tWFr8TCs=", "last_login": "2024-09-05T14:36:29.230Z", "is_superuser": false, "username": "Gago", "first_name": "", "last_name": "", "email": "narekchqolian@gmail.com", "is_staff": false, "is_active": true, "date_joined": "2024-09-05T14:34:26.763Z", "groups": [], "user_permissions": []}}, {"model": "auth.user", "pk": 24, "fields": {"password": "pbkdf2_sha256$870000$7VKWNZngVmjWwyhR4wklC7$dMj3IRGhA2bwwc92oMskAdC6oKlhSFgG9SlD5VUytUk=", "last_login": "2024-09-24T15:36:01.709Z", "is_superuser": false, "username": "Narek", "first_name": "", "last_name": "", "email": "narekchqolian@gmail.com", "is_staff": false, "is_active": true, "date_joined": "2024-09-16T09:12:38.937Z", "groups": [], "user_permissions": []}}, {"model": "auth.user", "pk": 25, "fields": {"password": "pbkdf2_sha256$600000$EEUkEUqZCKR85RfazoNck4$uJRdJ+XoVlhUMU5r8Oi36aEuK2FAUyBP9ONRNPQeJ/E=", "last_login": null, "is_superuser": false, "username": "saq.chqolyann", "first_name": "", "last_name": "", "email": "chqolyansargis@gmail.com", "is_staff": false, "is_active": false, "date_joined": "2024-09-16T16:10:28.076Z", "groups": [], "user_permissions": []}}, {"model": "auth.user", "pk": 26, "fields": {"password": "pbkdf2_sha256$600000$XbgQ10rdOxj0CcskqK8Sam$J5wOQ0i1DuE6dmFcSA6uaGU59NaO0Fnb6Cj+v+fg8Y4=", "last_login": null, "is_superuser": false, "username": "Sargis", "first_name": "", "last_name": "", "email": "chqolyansargis@gmail.com", "is_staff": false, "is_active": false, "date_joined": "2024-09-16T16:14:41.518Z", "groups": [], "user_permissions": []}}, {"model": "auth.user", "pk": 27, "fields": {"password": "pbkdf2_sha256$600000$e8inPrSmNIJoWCbfMd7p4J$LfuGNAenee2kSDN9cwDy2zeM6+FHkPHgoRrEHSrw//o=", "last_login": null, "is_superuser": false, "username": "Chqolian", "first_name": "", "last_name": "", "email": "chqolyansargis@gmail.com", "is_staff": false, "is_active": false, "date_joined": "2024-09-16T16:15:46.337Z", "groups": [], "user_permissions": []}}, {"model": "auth.user", "pk": 28, "fields": {"password": "pbkdf2_sha256$600000$Td24CmuYP1qxqj4U7arC92$rZMztkatXv2s1Z+R1pXsEkbsPwSbmJIP6IQf3h4H2jo=", "last_login": null, "is_superuser": false, "username": "lav_txa", "first_name": "", "last_name": "", "email": "chqolyansargis@gmail.com", "is_staff": false, "is_active": false, "date_joined": "2024-09-16T16:16:10.810Z", "groups": [], "user_permissions": []}}, {"model": "auth.user", "pk": 29, "fields": {"password": "pbkdf2_sha256$600000$hYxoLQIJZcNsqKDeHiFjKB$3FaOh5XD6yVeZRCjG5lTXKZcv+Rd93HWcZZAZqitgjc=", "last_login": "2024-09-16T16:19:12.097Z", "is_superuser": false, "username": "lav_txa_2006", "first_name": "", "last_name": "", "email": "chqolyansargis@gmail.com", "is_staff": false, "is_active": true, "date_joined": "2024-09-16T16:18:49.942Z", "groups": [], "user_permissions": []}}, {"model": "auth.user", "pk": 30, "fields": {"password": "pbkdf2_sha256$600000$a8xxtyDYLtzkECQdJfgEvS$hP+Ax8o4e7yWEv/mRBL7b+aqUnjSFLji+9RCZ1XQ+MY=", "last_login": "2024-09-16T16:28:13.465Z", "is_superuser": false, "username": "saq.chqolyan", "first_name": "", "last_name": "", "email": "chqolyansargis@gmail.com", "is_staff": false, "is_active": true, "date_joined": "2024-09-16T16:27:20.307Z", "groups": [], "user_permissions": []}}, {"model": "auth.user", "pk": 31, "fields": {"password": "pbkdf2_sha256$600000$wDUfxjxO54o6TBnnIXd7oS$P3SJusOb5uR5ZS3uRIdLe3JIXN4dGg/ubIdYF4SOZg8=", "last_login": "2024-09-22T13:33:55.744Z", "is_superuser": false, "username": "Dav_Chqolyan", "first_name": "", "last_name": "", "email": "narekchqolyan@gmail.com", "is_staff": false, "is_active": true, "date_joined": "2024-09-22T13:33:22.860Z", "groups": [], "user_permissions": []}}, {"model": "contenttypes.contenttype", "pk": 1, "fields": {"app_label": "qb_app", "model": "type"}}, {"model": "contenttypes.contenttype", "pk": 2, "fields": {"app_label": "qb_app", "model": "product"}}, {"model": "contenttypes.contenttype", "pk": 3, "fields": {"app_label": "admin", "model": "logentry"}}, {"model": "contenttypes.contenttype", "pk": 4, "fields": {"app_label": "auth", "model": "permission"}}, {"model": "contenttypes.contenttype", "pk": 5, "fields": {"app_label": "auth", "model": "group"}}, {"model": "contenttypes.contenttype", "pk": 6, "fields": {"app_label": "auth", "model": "user"}}, {"model": "contenttypes.contenttype", "pk": 7, "fields": {"app_label": "contenttypes", "model": "contenttype"}}, {"model": "contenttypes.contenttype", "pk": 8, "fields": {"app_label": "sessions", "model": "session"}}, {"model": "contenttypes.contenttype", "pk": 9, "fields": {"app_label": "qb_app", "model": "cart"}}, {"model": "contenttypes.contenttype", "pk": 10, "fields": {"app_label": "qb_app", "model": "cartitem"}}, {"model": "contenttypes.contenttype", "pk": 11, "fields": {"app_label": "qb_app", "model": "userprofile"}}, {"model": "contenttypes.contenttype", "pk": 12, "fields": {"app_label": "qb_app", "model": "order"}}, {"model": "contenttypes.contenttype", "pk": 13, "fields": {"app_label": "qb_app", "model": "orderitem"}}, {"model": "contenttypes.contenttype", "pk": 14, "fields": {"app_label": "actstream", "model": "action"}}, {"model": "contenttypes.contenttype", "pk": 15, "fields": {"app_label": "actstream", "model": "follow"}}, {"model": "sessions.session", "pk": "2bgqry1vn4ee7ehkybdn8it2y5qfezu2", "fields": {"session_data": ".eJxVjMsOwiAQRf-FtSEwpTxcuvcbyDBMpWogKe3K-O_apAvd3nPOfYmI21ri1nmJcxZnAUacfseE9OC6k3zHemuSWl2XOcldkQft8toyPy-H-3dQsJdv7RgwJPRKkVNJoSUyMAYHechkQnITDHacCBjAEPvAWhkaPNisNToj3h8KgzfI:1sqDcO:lnyncK_QD9hh3nZ8WUelf6DPoUbUVECwwMrJrtGw_Dk", "expire_date": "2024-09-30T15:26:24.629Z"}}, {"model": "sessions.session", "pk": "2d7754sa58ejtus1uotp6ubxhw5p3led", "fields": {"session_data": ".eJxVjLsOAiEUBf-F2hCeF7C0328gl5esGkiW3cr474ZkC23PzJw38Xjs1R8jb35N5EokJ5ffMWB85jZJemC7dxp727c10KnQkw669JRft9P9O6g46qxDFEwrpnmBIAQabZl0CgIDzGBROmZ0TpFrJou03GmQRmEAMK6Ai-TzBeIONuw:1ssMip:-4pPI7D4-TKCyxaTko2n0nSej1X7jbuvOuadDR9SRIk", "expire_date": "2024-10-06T13:33:55.754Z"}}, {"model": "sessions.session", "pk": "37ticjxrypkb4rxu1ya9p23m45ruiwc5", "fields": {"session_data": "e30:1seBWy:DfCP8lfIuZL5u5Ptm6CkD2W6ulM68Qw9vV4WYMABu9k", "expire_date": "2024-08-28T10:47:04.795Z"}}, {"model": "sessions.session", "pk": "av4s91ynu99qrrr7xgmubfbuutch8qpt", "fields": {"session_data": ".eJxVjMsOwiAQRf-FtSEwpTxcuvcbyDBMpWogKe3K-O_apAvd3nPOfYmI21ri1nmJcxZnAUacfseE9OC6k3zHemuSWl2XOcldkQft8toyPy-H-3dQsJdv7RgwJPRKkVNJoSUyMAYHechkQnITDHacCBjAEPvAWhkaPNisNToj3h8KgzfI:1ssM0s:Z2-vcigLrPPVYB05-XjArVgLcxMTllsZwWGaKQXjwho", "expire_date": "2024-10-06T12:48:30.462Z"}}, {"model": "sessions.session", "pk": "b0qstbyda3os2n5v7mosctlwflultcut", "fields": {"session_data": ".eJxVjMEOwiAQRP-FsyGwSst69N5vICy7SNXQpLQn47_bJj3ocea9mbcKcV1KWJvMYWR1Vdao029JMT2l7oQfsd4nnaa6zCPpXdEHbXqYWF63w_07KLGVbY0kXcaExpqekMCIWO995wS23DMmnyObswVvwRAhY3YAkd2FgLNXny8DUDgU:1sdbBI:NQkJ-IAVoacVOmnxulvbKOJ_rL79Ft5NeAX7LEsZjkM", "expire_date": "2024-08-26T19:58:16.904Z"}}, {"model": "sessions.session", "pk": "beby06ips7cl27ykhfle20l20t8lzrdd", "fields": {"session_data": ".eJxVjMEOwiAQRP-FsyFAEYpH734DWXYXqRpISnsy_rtt0oPeJvPezFtEWJcS185znEhchFHi9FsmwCfXndAD6r1JbHWZpyR3RR60y1sjfl0P9--gQC_bWgOeNQ8ehmy118ZAUjlg1gGU9S4QjJhJsXfeMVqrGUfakuGMlIDF5wsSdzlL:1smDae:tU66wJkLbhZuMwiKSA-UxMVa-WCkaJBo1XTeY9s78qM", "expire_date": "2024-09-19T14:36:04.018Z"}}, {"model": "sessions.session", "pk": "eg5lu5el2kminjysxpi27y4t66mh4it4", "fields": {"session_data": ".eJxVjMsOwiAQRf-FtSEwpTxcuvcbyDBMpWogKe3K-O_apAvd3nPOfYmI21ri1nmJcxZnAUacfseE9OC6k3zHemuSWl2XOcldkQft8toyPy-H-3dQsJdv7RgwJPRKkVNJoSUyMAYHechkQnITDHacCBjAEPvAWhkaPNisNToj3h8KgzfI:1sq8go:LedlTg3HmQh4x9CSwkLi-FDYdAK0fJopZpZgcvJnONQ", "expire_date": "2024-09-30T10:10:38.243Z"}}, {"model": "sessions.session", "pk": "kh770k6bueb5ykncy3uvo5dr7w0p0o7p", "fields": {"session_data": ".eJxVjMsOwiAQRf-FtSEwpTxcuvcbyDBMpWogKe3K-O_apAvd3nPOfYmI21ri1nmJcxZnAUacfseE9OC6k3zHemuSWl2XOcldkQft8toyPy-H-3dQsJdv7RgwJPRKkVNJoSUyMAYHechkQnITDHacCBjAEPvAWhkaPNisNToj3h8KgzfI:1sqY8q:lxhhadE9nQfq-4X1FGxUmjnxOWIUJzOrELgiAjraSf4", "expire_date": "2024-10-01T13:21:16.961Z"}}, {"model": "sessions.session", "pk": "mp21nxldeemsjfkgqd9rmqv2iefy3np7", "fields": {"session_data": ".eJxVjDkOwjAURO_iGlne7U9JnzNY3xsOIEeKkwpxdxwpBZTz5s28icd9q37vefVzIlciGbn8woDxmdvRpAe2-0Lj0rZ1DvRQ6Nl2Oi0pv26n-3dQsdexRmTCuJDRmqwhSslLBAVmEMetCNYWV7jSCFKUwJlWKLgCDjASREY-Xwf6N6o:1sqEaD:KoM--rWXiT8IcLoT0SO3nxhB96WXbkyUbSD8ghB40LQ", "expire_date": "2024-09-30T16:28:13.475Z"}}, {"model": "sessions.session", "pk": "n24uxbdjz5jgo7sa9guke5radkju8fn6", "fields": {"session_data": ".eJxVjMsOwiAQRf-FtSGlMHRw6d5vIDxmpGogKe3K-O_apAvd3nPOfQkftrX4rdPi5yzOYnTi9DvGkB5Ud5Lvod6aTK2uyxzlrsiDdnltmZ6Xw_07KKGXb43KssKYphSA0EXGyOQ042DtoK0BxZkhJI1aATmYaEQDOqrkACgb8f4AE-M3_g:1sqERU:auAwHN1zwWsbkCEXHsIRPqOqjOMpS4xYPDYSWkArO9s", "expire_date": "2024-09-30T16:19:12.105Z"}}, {"model": "sessions.session", "pk": "uvc9rwdh6qdgtgnmjq4k9km8ma8ry2hf", "fields": {"session_data": ".eJxVjMsOwiAQRf-FtSEwpTxcuvcbyDBMpWogKe3K-O_apAvd3nPOfYmI21ri1nmJcxZnAUacfseE9OC6k3zHemuSWl2XOcldkQft8toyPy-H-3dQsJdv7RgwJPRKkVNJoSUyMAYHechkQnITDHacCBjAEPvAWhkaPNisNToj3h8KgzfI:1sqZ1Q:yn7kgd7cpjbTdYHk3q7D2E3uG3vpCbwz4-c_yTa9pBI", "expire_date": "2024-10-01T14:17:40.340Z"}}, {"model": "sessions.session", "pk": "wh4sjqdeyulsb1p9qccu8k40pqt53lqf", "fields": {"session_data": ".eJxVjEsOAiEQBe_C2hBskI9L956BdNMgowaSYWZlvLtOMgvdvqp6LxFxXWpcR57jxOIsQInD70iYHrlthO_Ybl2m3pZ5IrkpcqdDXjvn52V3_w4qjvqtVSGr0Be0mCwabU5oc-bgkMgpUAYQj5AMK3AawAQmzkWX5HywvhTx_gAfrTi2:1st7Zj:nG-GBYwck5FpsSjqt_S2Ua_zOKEhMpwSTnuOrGN2MrY", "expire_date": "2024-10-08T15:35:39.341Z"}}, {"model": "sessions.session", "pk": "x2m6jwor3lj8rbkx9j5p2lp47ecbrf2r", "fields": {"session_data": ".eJxVjMsOwiAQRf-FtSEwpTxcuvcbyDBMpWogKe3K-O_apAvd3nPOfYmI21ri1nmJcxZnAUacfseE9OC6k3zHemuSWl2XOcldkQft8toyPy-H-3dQsJdv7RgwJPRKkVNJoSUyMAYHechkQnITDHacCBjAEPvAWhkaPNisNToj3h8KgzfI:1ssMci:YkwNaoV_J41pNCMv32EhyqN5BVMyJvoyq2IXA9oNpPQ", "expire_date": "2024-10-06T13:27:36.510Z"}}, {"model": "sessions.session", "pk": "xahsq9eytuursfzwjmmahmk5iauhj4gk", "fields": {"session_data": ".eJxVjMsOwiAUBf-FtSGItzxcuvcbyOECUjU0Ke3K-O_apAvdnpk5LxGwLjWsPc9hTOIsNInD7xjBj9w2ku5ot0ny1JZ5jHJT5E67vE4pPy-7-3dQ0eu3jqCiWHltYIsbFJ-UVgTizPCwHtAMx86BjCnK2kJuQHGZjvDZkHh_ABaZOGY:1st7a5:tRyQhToh334PHEMg6c5x6PIEsg0kgRcw7POTdIqEehc", "expire_date": "2024-10-08T15:36:01.715Z"}}, {"model": "sessions.session", "pk": "zqhis4ol5bxrxxcjkaxme74jmou9o8bc", "fields": {"session_data": ".eJxVjMsOgjAUBf-la9NQWunFpXu-obmvWtRAQmFl_HclYaHbMzPnZRJua0lb1SWNYi7GOXP6HQn5odNO5I7TbbY8T-sykt0Ve9Bqh1n0eT3cv4OCtXxrjFklCwfHZ8CWJXvfK_SkFAF95EggLC6DBPEA0bUddQFIm4DUtOb9AUhkOTA:1sbmWu:i1oHBLdmUnY4_JOplz72GH9P4pQoD7PmlQomk7oNrMY", "expire_date": "2024-08-21T19:41:04.335Z"}}]